{
  "npmScope": "graduates",
  "affected": {
    "defaultBase": "main"
  },
  "cli": {
    "defaultCollection": "@nrwl/angular"
  },
  "implicitDependencies": {
    "package.json": {
      "dependencies": "*",
      "devDependencies": "*"
    },
    ".eslintrc.json": "*"
  },
  "tasksRunnerOptions": {
    "default": {
      "runner": "@nrwl/nx-cloud",
      "options": {
        "cacheableOperations": [
          "build",
          "lint",
          "test",
          "e2e"
        ],
        "accessToken": "NjNkY2NiM2ItNDYxMC00MzhhLTljM2MtZTUzZjVjNGQ1NzA0fHJlYWQtd3JpdGU="
      }
    }
  },
  "targetDependencies": {
    "build": [
      {
        "target": "build",
        "projects": "dependencies"
      }
    ]
  },
  "generators": {
    "@nrwl/angular:application": {
      "style": "scss",
      "linter": "eslint",
      "unitTestRunner": "jest",
      "e2eTestRunner": "cypress"
    },
    "@nrwl/angular:library": {
      "linter": "eslint",
      "unitTestRunner": "jest"
    },
    "@nrwl/angular:component": {
      "style": "scss"
    }
  },
  "defaultProject": "client"
}
